time,weathercode,temperature_2m_max,temperature_2m_min,precipitation_sum,rain_sum,windspeed_10m_max,country,city
2010-01-03,53,28.567777777777778,22.797777777777778,40.699999999999996,40.699999999999996,15.046666666666667,Sri Lanka,Colombo
2010-01-10,65,28.06047619047619,21.967619047619046,349.8,349.8,13.524285714285714,Sri Lanka,Colombo
2010-01-17,63,28.942857142857143,22.935238095238095,467.9,467.9,12.220476190476191,Sri Lanka,Colombo
2010-01-24,63,28.951428571428572,22.23857142857143,171.70000000000002,171.70000000000002,13.56904761904762,Sri Lanka,Colombo
2010-01-31,65,29.689999999999998,23.057142857142857,1007.3000000000001,1007.3000000000001,14.723809523809523,Sri Lanka,Colombo
2010-02-07,65,29.68619047619048,23.033809523809527,395.3,395.3,15.670476190476192,Sri Lanka,Colombo
2010-02-14,63,29.57952380952381,23.41952380952381,198.4,198.4,12.488571428571428,Sri Lanka,Colombo
2010-02-21,65,30.728571428571428,23.542857142857144,551.4,551.4,11.629047619047618,Sri Lanka,Colombo
2010-02-28,53,31.345238095238095,23.202857142857145,59.7,59.7,12.705714285714285,Sri Lanka,Colombo
2010-03-07,53,31.34285714285714,23.32333333333333,35.5,35.5,13.831904761904761,Sri Lanka,Colombo
2010-03-14,63,32.47,24.736666666666665,222.4,222.4,14.054285714285715,Sri Lanka,Colombo
2010-03-21,63,32.17619047619048,23.997619047619047,103.0,103.0,12.624761904761904,Sri Lanka,Colombo
2010-03-28,65,31.126190476190477,24.928571428571427,942.2,942.2,11.273333333333333,Sri Lanka,Colombo
2010-04-04,65,30.912857142857142,24.753333333333334,947.6,947.6,12.234285714285713,Sri Lanka,Colombo
2010-04-11,65,30.748571428571427,24.77952380952381,1967.9,1967.9,10.072857142857144,Sri Lanka,Colombo
2010-04-18,65,30.414761904761907,25.009047619047617,1377.4,1377.4,11.542380952380952,Sri Lanka,Colombo
2010-04-25,65,30.105238095238096,25.016666666666666,1621.2,1621.2,13.553333333333333,Sri Lanka,Colombo
2010-05-02,65,30.674285714285716,24.866666666666667,1971.8,1971.8,9.861428571428572,Sri Lanka,Colombo
2010-05-09,65,29.992857142857144,25.21952380952381,1775.3,1775.3,13.436666666666666,Sri Lanka,Colombo
2010-05-16,65,29.96904761904762,25.59,1066.6,1066.6,14.94142857142857,Sri Lanka,Colombo
2010-05-23,63,28.369523809523812,25.174285714285716,2739.1,2739.1,20.85809523809524,Sri Lanka,Colombo
2010-05-30,63,29.565714285714286,25.311904761904763,948.6,948.6,20.56952380952381,Sri Lanka,Colombo
2010-06-06,63,29.76047619047619,25.201428571428572,1194.8,1194.8,18.57857142857143,Sri Lanka,Colombo
2010-06-13,65,28.489047619047618,24.89666666666667,2713.0,2713.0,22.12238095238095,Sri Lanka,Colombo
2010-06-20,63,29.292380952380952,24.575714285714284,1053.3,1053.3,16.54714285714286,Sri Lanka,Colombo
2010-06-27,63,29.318571428571428,24.812380952380956,1672.8,1672.8,20.81047619047619,Sri Lanka,Colombo
2010-07-04,63,28.52095238095238,24.475238095238097,1881.2,1881.2,21.35142857142857,Sri Lanka,Colombo
2010-07-11,63,29.32857142857143,24.07095238095238,1387.3,1387.3,14.059999999999999,Sri Lanka,Colombo
2010-07-18,63,28.404761904761905,24.257142857142856,1982.4,1982.4,20.90047619047619,Sri Lanka,Colombo
2010-07-25,63,28.83904761904762,24.55095238095238,1017.5,1017.5,19.24809523809524,Sri Lanka,Colombo
2010-08-01,63,29.11809523809524,24.564761904761905,728.1,728.1,19.63095238095238,Sri Lanka,Colombo
2010-08-08,63,28.880476190476188,24.610952380952384,645.2,645.2,19.374761904761904,Sri Lanka,Colombo
2010-08-15,65,28.711904761904762,24.605714285714285,1404.4,1404.4,20.59285714285714,Sri Lanka,Colombo
2010-08-22,65,27.9947619047619,24.195238095238096,1141.1,1141.1,19.926190476190477,Sri Lanka,Colombo
2010-08-29,63,27.89095238095238,24.156190476190478,1371.4,1371.4,21.97,Sri Lanka,Colombo
2010-09-05,63,28.382380952380952,23.923333333333332,676.9,676.9,20.09142857142857,Sri Lanka,Colombo
2010-09-12,63,28.67904761904762,24.191904761904762,771.2,771.2,16.984285714285715,Sri Lanka,Colombo
2010-09-19,65,28.47,24.266666666666666,1518.9,1518.9,19.3,Sri Lanka,Colombo
2010-09-26,65,28.117619047619048,23.767142857142858,2374.8,2374.8,13.870952380952382,Sri Lanka,Colombo
2010-10-03,65,27.39809523809524,23.144761904761904,4420.2,4420.2,12.773333333333333,Sri Lanka,Colombo
2010-10-10,63,28.275238095238095,24.405714285714286,1519.3,1519.3,22.416666666666668,Sri Lanka,Colombo
2010-10-17,61,28.71,24.144761904761904,365.7,365.7,19.864285714285714,Sri Lanka,Colombo
2010-10-24,63,28.709047619047617,23.794761904761902,253.1,253.1,17.972857142857144,Sri Lanka,Colombo
2010-10-31,65,28.294285714285714,23.578095238095237,2263.5,2263.5,12.813333333333334,Sri Lanka,Colombo
2010-11-07,65,27.887619047619047,23.615714285714287,1774.5,1774.5,15.65857142857143,Sri Lanka,Colombo
2010-11-14,65,28.22952380952381,23.156190476190478,3276.2,3276.2,11.662857142857142,Sri Lanka,Colombo
2010-11-21,65,27.978571428571428,22.86857142857143,2352.8,2352.8,9.94142857142857,Sri Lanka,Colombo
2010-11-28,65,27.52333333333333,23.06809523809524,4281.3,4281.3,11.705238095238094,Sri Lanka,Colombo
2010-12-05,65,27.04952380952381,23.042380952380952,5230.7,5230.7,14.523333333333333,Sri Lanka,Colombo
2010-12-12,63,26.998571428571427,22.845238095238095,2561.0,2561.0,16.95047619047619,Sri Lanka,Colombo
2010-12-19,63,28.159047619047616,22.080000000000002,338.90000000000003,338.90000000000003,10.475714285714286,Sri Lanka,Colombo
2010-12-26,65,25.952380952380953,22.226190476190474,4531.7,4531.7,14.810952380952381,Sri Lanka,Colombo
2011-01-02,65,26.482380952380954,22.534761904761904,1946.5,1946.5,14.077142857142857,Sri Lanka,Colombo
2011-01-09,65,26.178095238095235,22.678571428571427,3848.6,3848.6,17.78,Sri Lanka,Colombo
2011-01-16,65,25.66761904761905,21.610000000000003,2140.0,2140.0,15.635238095238096,Sri Lanka,Colombo
2011-01-23,61,28.065714285714286,21.184761904761906,143.9,143.9,12.288095238095238,Sri Lanka,Colombo
2011-01-30,65,27.90190476190476,22.696190476190477,917.5,917.5,15.764285714285714,Sri Lanka,Colombo
2011-02-06,65,25.305714285714284,22.366666666666667,4615.7,4615.7,18.752380952380953,Sri Lanka,Colombo
2011-02-13,65,27.82333333333333,22.43047619047619,972.3000000000001,972.3000000000001,14.988095238095237,Sri Lanka,Colombo
2011-02-20,61,28.66190476190476,22.745238095238093,201.0,201.0,9.817142857142857,Sri Lanka,Colombo
2011-02-27,63,29.24904761904762,22.477619047619047,243.8,243.8,10.588571428571429,Sri Lanka,Colombo
2011-03-06,65,29.124761904761904,23.021904761904764,1352.1000000000001,1352.1000000000001,12.507619047619047,Sri Lanka,Colombo
2011-03-13,63,29.816666666666666,22.15095238095238,353.9,353.9,11.00047619047619,Sri Lanka,Colombo
2011-03-20,63,30.271904761904764,23.61857142857143,399.6,399.6,13.725714285714286,Sri Lanka,Colombo
2011-03-27,63,29.52904761904762,23.84809523809524,564.2,564.2,12.302380952380952,Sri Lanka,Colombo
2011-04-03,63,30.237142857142857,23.794285714285714,372.5,372.5,13.422857142857143,Sri Lanka,Colombo
2011-04-10,65,30.241904761904763,23.714761904761907,540.8,540.8,11.192857142857143,Sri Lanka,Colombo
2011-04-17,65,29.787142857142857,23.62142857142857,2084.6,2084.6,10.756666666666668,Sri Lanka,Colombo
2011-04-24,65,28.665714285714287,24.003333333333334,2596.0,2596.0,12.643333333333333,Sri Lanka,Colombo
2011-05-01,65,28.593333333333334,24.35,1641.3,1641.3,15.914285714285715,Sri Lanka,Colombo
2011-05-08,63,29.46047619047619,24.985714285714284,784.3,784.3,18.60904761904762,Sri Lanka,Colombo
2011-05-15,63,29.394285714285715,24.57095238095238,631.9,631.9,16.355238095238096,Sri Lanka,Colombo
2011-05-22,65,29.885238095238094,24.353809523809524,583.9,583.9,15.389047619047618,Sri Lanka,Colombo
2011-05-29,63,29.313333333333333,24.654761904761905,1478.6,1478.6,18.107619047619046,Sri Lanka,Colombo
2011-06-05,63,29.075238095238095,24.636190476190478,1259.0,1259.0,21.104285714285712,Sri Lanka,Colombo
2011-06-12,63,29.162380952380953,24.843333333333334,751.5,751.5,18.225238095238097,Sri Lanka,Colombo
2011-06-19,63,29.16142857142857,24.760952380952382,986.7,986.7,20.620476190476193,Sri Lanka,Colombo
2011-06-26,63,29.62238095238095,24.954761904761906,439.5,439.5,20.77857142857143,Sri Lanka,Colombo
2011-07-03,63,29.659047619047616,24.65,435.4,435.4,19.183333333333334,Sri Lanka,Colombo
2011-07-10,63,29.14761904761905,24.55,1133.4,1133.4,18.402380952380952,Sri Lanka,Colombo
2011-07-17,65,28.282380952380954,24.307142857142857,1897.3,1897.3,21.372857142857143,Sri Lanka,Colombo
2011-07-24,63,28.83904761904762,24.310952380952383,1055.3,1055.3,19.63857142857143,Sri Lanka,Colombo
2011-07-31,63,28.516666666666666,24.31952380952381,1208.3,1208.3,20.134285714285713,Sri Lanka,Colombo
2011-08-07,63,28.893333333333334,24.34238095238095,958.8,958.8,19.747619047619047,Sri Lanka,Colombo
2011-08-14,65,28.87142857142857,24.41952380952381,1151.9,1151.9,19.13142857142857,Sri Lanka,Colombo
2011-08-21,63,28.540952380952383,23.988095238095237,1585.1,1585.1,17.652380952380952,Sri Lanka,Colombo
2011-08-28,63,28.331428571428575,24.078095238095237,1456.7,1456.7,20.33809523809524,Sri Lanka,Colombo
2011-09-04,63,29.143809523809523,24.234761904761907,1223.2,1223.2,18.43857142857143,Sri Lanka,Colombo
2011-09-11,63,28.767142857142858,24.30095238095238,2493.7,2493.7,19.08952380952381,Sri Lanka,Colombo
2011-09-18,65,28.35190476190476,24.05428571428571,2250.0,2250.0,19.10238095238095,Sri Lanka,Colombo
2011-09-25,63,29.414761904761907,24.218095238095238,480.2,480.2,18.440952380952382,Sri Lanka,Colombo
2011-10-02,65,29.81285714285714,24.413809523809523,263.3,263.3,16.87761904761905,Sri Lanka,Colombo
2011-10-09,65,29.74142857142857,24.316666666666666,486.6,486.6,16.88714285714286,Sri Lanka,Colombo
2011-10-16,63,29.406666666666666,23.942857142857143,789.8000000000001,789.8000000000001,14.013809523809524,Sri Lanka,Colombo
2011-10-23,65,29.115714285714287,23.56904761904762,2975.4,2975.4,12.813809523809525,Sri Lanka,Colombo
2011-10-30,65,28.05095238095238,23.379523809523807,4092.9,4092.9,10.563333333333334,Sri Lanka,Colombo
2011-11-06,65,27.722857142857144,23.385238095238094,2131.9,2131.9,10.541904761904762,Sri Lanka,Colombo
2011-11-13,63,29.070476190476192,22.635714285714286,425.6,425.6,11.293809523809523,Sri Lanka,Colombo
2011-11-20,65,28.97047619047619,23.247619047619047,1040.4,1040.4,11.67095238095238,Sri Lanka,Colombo
2011-11-27,65,27.771428571428572,23.533333333333335,3314.8,3314.8,17.54047619047619,Sri Lanka,Colombo
2011-12-04,65,28.571904761904765,22.835238095238093,849.5,849.5,9.394285714285713,Sri Lanka,Colombo
2011-12-11,65,28.96047619047619,23.026666666666667,673.9,673.9,11.525238095238096,Sri Lanka,Colombo
2011-12-18,65,27.87333333333333,23.06904761904762,2622.8,2622.8,15.123809523809523,Sri Lanka,Colombo
2011-12-25,65,26.627142857142857,22.825714285714284,2955.2,2955.2,17.036666666666665,Sri Lanka,Colombo
2012-01-01,63,27.72047619047619,21.093333333333334,106.2,106.2,14.357619047619048,Sri Lanka,Colombo
2012-01-08,65,28.731428571428573,22.32,1149.7,1149.7,11.322380952380952,Sri Lanka,Colombo
2012-01-15,63,28.47952380952381,22.163809523809523,116.7,116.7,13.693809523809524,Sri Lanka,Colombo
2012-01-22,53,27.973333333333333,21.263333333333335,101.5,101.5,10.440000000000001,Sri Lanka,Colombo
2012-01-29,53,29.168571428571425,22.060000000000002,65.9,65.9,12.355714285714285,Sri Lanka,Colombo
2012-02-05,63,30.00095238095238,22.893333333333334,413.7,413.7,15.237142857142858,Sri Lanka,Colombo
2012-02-12,63,29.355238095238096,23.02,638.4,638.4,11.874285714285714,Sri Lanka,Colombo
2012-02-19,65,29.253809523809526,22.690952380952382,1919.4,1919.4,11.87,Sri Lanka,Colombo
2012-02-26,51,29.713333333333335,21.800476190476193,20.7,20.7,11.734285714285713,Sri Lanka,Colombo
2012-03-04,65,29.833333333333332,23.32238095238095,760.0,760.0,10.871904761904762,Sri Lanka,Colombo
2012-03-11,63,30.002380952380953,23.315238095238094,339.3,339.3,13.389047619047618,Sri Lanka,Colombo
2012-03-18,65,29.827142857142857,23.437619047619044,1375.2,1375.2,10.533809523809524,Sri Lanka,Colombo
2012-03-25,55,30.49047619047619,23.20952380952381,155.4,155.4,11.833333333333334,Sri Lanka,Colombo
2012-04-01,65,30.482380952380954,23.574285714285715,766.4,766.4,11.69095238095238,Sri Lanka,Colombo
2012-04-08,65,30.181428571428572,23.968095238095238,830.0,830.0,12.102380952380953,Sri Lanka,Colombo
2012-04-15,65,29.77857142857143,23.845238095238095,1285.8,1285.8,10.910952380952383,Sri Lanka,Colombo
2012-04-22,65,29.471904761904764,24.35761904761905,1297.7,1297.7,11.813333333333334,Sri Lanka,Colombo
2012-04-29,65,28.724761904761905,24.414761904761907,1309.5,1309.5,16.816666666666666,Sri Lanka,Colombo
2012-05-06,55,29.879047619047622,24.668571428571425,134.4,134.4,19.466666666666665,Sri Lanka,Colombo
2012-05-13,63,30.44571428571429,25.01,191.6,191.6,17.066190476190478,Sri Lanka,Colombo
2012-05-20,63,30.616190476190475,25.30428571428571,268.8,268.8,18.83238095238095,Sri Lanka,Colombo
2012-05-27,63,29.402857142857144,24.728095238095236,1238.5,1238.5,22.254761904761907,Sri Lanka,Colombo
2012-06-03,63,29.697142857142854,25.24809523809524,832.5,832.5,22.59904761904762,Sri Lanka,Colombo
2012-06-10,63,29.514761904761908,25.25,1164.1000000000001,1164.1000000000001,21.31952380952381,Sri Lanka,Colombo
2012-06-17,63,28.9947619047619,24.741904761904763,949.9,949.9,20.846666666666668,Sri Lanka,Colombo
2012-06-24,61,28.85190476190476,24.435714285714287,615.7,615.7,20.60190476190476,Sri Lanka,Colombo
2012-07-01,63,28.802380952380954,24.21142857142857,1164.7,1164.7,20.326190476190476,Sri Lanka,Colombo
2012-07-08,63,28.785238095238093,24.208095238095236,1484.3,1484.3,21.00095238095238,Sri Lanka,Colombo
2012-07-15,65,29.397142857142857,24.793333333333337,1531.4,1531.4,18.905714285714286,Sri Lanka,Colombo
2012-07-22,63,29.308095238095238,24.566666666666666,448.8,448.8,20.14666666666667,Sri Lanka,Colombo
2012-07-29,61,29.205238095238098,24.59142857142857,422.7,422.7,19.953809523809525,Sri Lanka,Colombo
2012-08-05,55,29.515238095238093,24.704761904761906,311.6,311.6,19.722857142857144,Sri Lanka,Colombo
2012-08-12,63,28.92666666666667,24.208095238095236,1121.0,1121.0,19.004285714285714,Sri Lanka,Colombo
2012-08-19,63,29.142857142857142,24.330952380952382,1361.2,1361.2,19.874761904761904,Sri Lanka,Colombo
2012-08-26,65,28.84809523809524,24.10761904761905,1341.0,1341.0,18.125714285714285,Sri Lanka,Colombo
2012-09-02,65,28.734285714285715,24.253809523809526,1624.7,1624.7,19.315238095238094,Sri Lanka,Colombo
2012-09-09,65,28.737142857142857,24.247619047619047,1550.1,1550.1,17.970952380952383,Sri Lanka,Colombo
2012-09-16,65,29.142857142857142,24.39190476190476,1117.5,1117.5,18.282380952380954,Sri Lanka,Colombo
2012-09-23,65,29.215714285714288,24.215238095238096,1349.0,1349.0,17.666190476190476,Sri Lanka,Colombo
2012-09-30,63,29.31809523809524,24.466190476190473,845.9,845.9,18.794761904761906,Sri Lanka,Colombo
2012-10-07,63,30.071428571428573,24.32952380952381,204.3,204.3,16.35333333333333,Sri Lanka,Colombo
2012-10-14,65,29.541904761904764,23.871904761904762,1825.9,1825.9,13.517619047619046,Sri Lanka,Colombo
2012-10-21,65,27.747619047619047,23.212857142857143,3585.4,3585.4,10.739047619047618,Sri Lanka,Colombo
2012-10-28,65,28.45047619047619,23.428571428571427,4731.3,4731.3,11.57047619047619,Sri Lanka,Colombo
2012-11-04,65,27.204285714285714,23.494285714285716,3910.6,3910.6,18.903333333333336,Sri Lanka,Colombo
2012-11-11,65,28.550476190476193,23.06142857142857,2761.7000000000003,2761.7000000000003,10.144285714285715,Sri Lanka,Colombo
2012-11-18,65,28.375714285714285,22.697619047619046,1856.4,1856.4,14.104285714285714,Sri Lanka,Colombo
2012-11-25,65,28.97142857142857,23.188095238095237,2082.2,2082.2,9.388095238095238,Sri Lanka,Colombo
2012-12-02,65,28.235238095238092,22.815714285714286,2091.9,2091.9,13.785714285714286,Sri Lanka,Colombo
2012-12-09,63,28.178571428571427,23.163333333333334,1008.9,1008.9,10.864761904761904,Sri Lanka,Colombo
2012-12-16,63,28.43714285714286,22.095238095238095,578.5,578.5,13.393333333333333,Sri Lanka,Colombo
2012-12-23,65,27.198095238095238,23.11142857142857,2147.2,2147.2,15.824761904761903,Sri Lanka,Colombo
2012-12-30,65,27.93285714285714,23.404761904761905,1873.4,1873.4,12.19095238095238,Sri Lanka,Colombo
2013-01-06,65,27.75761904761905,23.218571428571426,1333.4,1333.4,13.907619047619047,Sri Lanka,Colombo
2013-01-13,65,27.459047619047617,22.721904761904764,2964.8,2964.8,15.542380952380952,Sri Lanka,Colombo
2013-01-20,51,28.442857142857143,21.39761904761905,12.9,12.9,13.713333333333335,Sri Lanka,Colombo
2013-01-27,65,28.534285714285712,22.892857142857142,673.1,673.1,15.94047619047619,Sri Lanka,Colombo
2013-02-03,51,29.88190476190476,22.252857142857145,22.6,22.6,14.551904761904762,Sri Lanka,Colombo
2013-02-10,65,29.369999999999997,23.25,948.6,948.6,11.004285714285714,Sri Lanka,Colombo
2013-02-17,65,28.23857142857143,23.103809523809524,2173.0,2173.0,13.23952380952381,Sri Lanka,Colombo
2013-02-24,63,29.218571428571426,22.487142857142857,347.7,347.7,11.736666666666666,Sri Lanka,Colombo
2013-03-03,65,30.061904761904763,22.485714285714284,237.8,237.8,12.116666666666667,Sri Lanka,Colombo
2013-03-10,65,29.21952380952381,23.55761904761905,1835.0,1835.0,11.758095238095237,Sri Lanka,Colombo
2013-03-17,65,29.617619047619048,23.785714285714285,951.5,951.5,10.442380952380953,Sri Lanka,Colombo
2013-03-24,65,30.183809523809526,23.574761904761903,1321.9,1321.9,10.334761904761905,Sri Lanka,Colombo
2013-03-31,65,30.126190476190477,24.235238095238092,1336.0,1336.0,9.878095238095238,Sri Lanka,Colombo
2013-04-07,63,30.636666666666667,24.855714285714285,274.0,274.0,12.113809523809524,Sri Lanka,Colombo
2013-04-14,63,30.53095238095238,24.649523809523807,752.2,752.2,11.148571428571428,Sri Lanka,Colombo
2013-04-21,63,30.731428571428573,25.135238095238094,372.9,372.9,14.052857142857142,Sri Lanka,Colombo
2013-04-28,65,30.575238095238095,24.669999999999998,1035.7,1035.7,11.136190476190476,Sri Lanka,Colombo
2013-05-05,65,29.652380952380952,24.874285714285715,2081.8,2081.8,12.98047619047619,Sri Lanka,Colombo
2013-05-12,65,29.685238095238095,25.536666666666665,1028.6,1028.6,16.664761904761903,Sri Lanka,Colombo
2013-05-19,63,29.698095238095238,25.467619047619046,1056.3,1056.3,18.982380952380954,Sri Lanka,Colombo
2013-05-26,63,29.03857142857143,25.002380952380953,1236.5,1236.5,21.62857142857143,Sri Lanka,Colombo
2013-06-02,65,28.438095238095237,24.51047619047619,2513.2,2513.2,21.59142857142857,Sri Lanka,Colombo
2013-06-09,63,28.19571428571429,24.506190476190476,1857.2,1857.2,22.291428571428572,Sri Lanka,Colombo
2013-06-16,63,28.20095238095238,24.41142857142857,1804.3,1804.3,23.19904761904762,Sri Lanka,Colombo
2013-06-23,65,28.085238095238093,24.295714285714286,2273.9,2273.9,21.60333333333333,Sri Lanka,Colombo
2013-06-30,63,28.41809523809524,23.94571428571429,1425.2,1425.2,17.982857142857142,Sri Lanka,Colombo
2013-07-07,65,28.314285714285713,24.24904761904762,975.7,975.7,20.25190476190476,Sri Lanka,Colombo
2013-07-14,63,28.208571428571428,24.26047619047619,1253.4,1253.4,20.685238095238095,Sri Lanka,Colombo
2013-07-21,63,28.221904761904764,24.129047619047622,952.1,952.1,20.553809523809523,Sri Lanka,Colombo
2013-07-28,63,28.237142857142857,23.943809523809524,1351.4,1351.4,19.16095238095238,Sri Lanka,Colombo
2013-08-04,65,28.857142857142858,24.395238095238096,1515.1,1515.1,22.382380952380952,Sri Lanka,Colombo
2013-08-11,63,28.25952380952381,24.22095238095238,452.6,452.6,21.26047619047619,Sri Lanka,Colombo
2013-08-18,63,28.366666666666667,23.902857142857144,379.4,379.4,19.182380952380953,Sri Lanka,Colombo
2013-08-25,63,28.983333333333334,24.078095238095237,498.0,498.0,19.93285714285714,Sri Lanka,Colombo
2013-09-01,65,29.474761904761905,24.093809523809522,1088.4,1088.4,15.378095238095238,Sri Lanka,Colombo
2013-09-08,65,27.916190476190476,23.690952380952382,1480.6,1480.6,17.613333333333333,Sri Lanka,Colombo
2013-09-15,65,27.360000000000003,23.705714285714286,2327.4,2327.4,20.78095238095238,Sri Lanka,Colombo
2013-09-22,63,28.285714285714285,24.31380952380952,1512.1,1512.1,22.10333333333333,Sri Lanka,Colombo
2013-09-29,53,29.35190476190476,24.03047619047619,203.7,203.7,18.13714285714286,Sri Lanka,Colombo
2013-10-06,63,28.96142857142857,23.775238095238095,487.2,487.2,18.360476190476188,Sri Lanka,Colombo
2013-10-13,63,28.97047619047619,24.117619047619048,666.9,666.9,19.46047619047619,Sri Lanka,Colombo
2013-10-20,65,28.40095238095238,23.71095238095238,2920.1,2920.1,15.42095238095238,Sri Lanka,Colombo
2013-10-27,63,28.457142857142856,23.865238095238094,1069.5,1069.5,17.017619047619046,Sri Lanka,Colombo
2013-11-03,65,28.677142857142858,23.292857142857144,3489.1,3489.1,11.52,Sri Lanka,Colombo
2013-11-10,63,28.89666666666667,23.047142857142855,1072.6,1072.6,10.842857142857143,Sri Lanka,Colombo
2013-11-17,63,28.227142857142855,22.972857142857144,1055.4,1055.4,14.057619047619047,Sri Lanka,Colombo
2013-11-24,65,28.687619047619044,23.05761904761905,1916.1,1916.1,10.040000000000001,Sri Lanka,Colombo
2013-12-01,63,28.32904761904762,22.71142857142857,828.4,828.4,10.461428571428572,Sri Lanka,Colombo
2013-12-08,65,27.265238095238093,23.124285714285715,1724.4,1724.4,17.492857142857144,Sri Lanka,Colombo
2013-12-15,65,28.004761904761907,22.070476190476192,1053.1,1053.1,11.44047619047619,Sri Lanka,Colombo
2013-12-22,65,27.649523809523807,22.762857142857143,398.6,398.6,15.743809523809523,Sri Lanka,Colombo
2013-12-29,63,28.152857142857144,22.365714285714287,179.4,179.4,16.69142857142857,Sri Lanka,Colombo
2014-01-05,65,28.35095238095238,22.340952380952384,458.4,458.4,16.646190476190476,Sri Lanka,Colombo
2014-01-12,65,28.369523809523812,22.73619047619048,854.9,854.9,13.08095238095238,Sri Lanka,Colombo
2014-01-19,65,28.45619047619048,22.606190476190477,652.1999999999999,652.1999999999999,13.343809523809522,Sri Lanka,Colombo
2014-01-26,53,29.426190476190477,22.40714285714286,28.9,28.9,15.773809523809524,Sri Lanka,Colombo
2014-02-02,63,29.24,23.031904761904762,459.4,459.4,15.893809523809523,Sri Lanka,Colombo
2014-02-09,51,30.027619047619048,21.23952380952381,3.9,3.9,13.42904761904762,Sri Lanka,Colombo
2014-02-16,53,30.267142857142858,22.13809523809524,15.1,15.1,12.44952380952381,Sri Lanka,Colombo
2014-02-23,65,31.149523809523807,23.774285714285718,316.6,316.6,13.315238095238094,Sri Lanka,Colombo
2014-03-02,63,31.655238095238097,23.928571428571427,146.3,146.3,14.263809523809524,Sri Lanka,Colombo
2014-03-09,65,31.454285714285714,24.268571428571427,457.0,457.0,13.48047619047619,Sri Lanka,Colombo
2014-03-16,51,32.28523809523809,23.558095238095238,27.5,27.5,15.785714285714286,Sri Lanka,Colombo
2014-03-23,65,31.393809523809523,24.197142857142854,912.5,912.5,11.957619047619048,Sri Lanka,Colombo
2014-03-30,61,32.53380952380952,23.590476190476192,65.0,65.0,13.67904761904762,Sri Lanka,Colombo
2014-04-06,65,31.419047619047618,24.386190476190478,1791.4,1791.4,12.907142857142857,Sri Lanka,Colombo
2014-04-13,63,30.47142857142857,24.428095238095235,508.6,508.6,12.33952380952381,Sri Lanka,Colombo
2014-04-20,63,30.596666666666668,24.21047619047619,481.1,481.1,11.78142857142857,Sri Lanka,Colombo
2014-04-27,65,30.373809523809523,24.497619047619047,2278.2,2278.2,11.60047619047619,Sri Lanka,Colombo
2014-05-04,65,29.38285714285714,24.35761904761905,2708.8,2708.8,11.845238095238095,Sri Lanka,Colombo
2014-05-11,65,28.93047619047619,24.73952380952381,2486.6,2486.6,15.14142857142857,Sri Lanka,Colombo
2014-05-18,63,29.939047619047617,25.31714285714286,401.0,401.0,17.541428571428572,Sri Lanka,Colombo
2014-05-25,63,29.784285714285712,25.243809523809524,746.1,746.1,18.725714285714286,Sri Lanka,Colombo
2014-06-01,63,29.516666666666666,25.10333333333333,1027.2,1027.2,18.156666666666666,Sri Lanka,Colombo
2014-06-08,63,29.302380952380954,25.27095238095238,1239.8,1239.8,20.26952380952381,Sri Lanka,Colombo
2014-06-15,63,29.708095238095236,25.32952380952381,1033.7,1033.7,21.050476190476193,Sri Lanka,Colombo
2014-06-22,55,29.440952380952382,25.252380952380953,551.8,551.8,22.66142857142857,Sri Lanka,Colombo
2014-06-29,61,29.44238095238095,24.86714285714286,568.3,568.3,20.87142857142857,Sri Lanka,Colombo
2014-07-06,63,29.17238095238095,25.057142857142857,968.5,968.5,21.375238095238096,Sri Lanka,Colombo
2014-07-13,63,28.928571428571427,24.865714285714287,876.3,876.3,23.202380952380953,Sri Lanka,Colombo
2014-07-20,63,29.053809523809523,24.813333333333333,495.1,495.1,20.864761904761906,Sri Lanka,Colombo
2014-07-27,63,29.212857142857143,24.846666666666668,865.5,865.5,20.97666666666667,Sri Lanka,Colombo
2014-08-03,63,28.935238095238095,24.462857142857143,1025.4,1025.4,21.083809523809524,Sri Lanka,Colombo
2014-08-10,63,28.845714285714287,24.447142857142854,1024.1,1024.1,19.042380952380952,Sri Lanka,Colombo
2014-08-17,63,28.363333333333333,24.02047619047619,1846.2,1846.2,19.36952380952381,Sri Lanka,Colombo
2014-08-24,63,28.139523809523812,23.997619047619047,1675.0,1675.0,17.734285714285715,Sri Lanka,Colombo
2014-08-31,63,29.1,24.205714285714286,306.1,306.1,19.78,Sri Lanka,Colombo
2014-09-07,63,28.355238095238096,23.79904761904762,1785.9,1785.9,18.863333333333333,Sri Lanka,Colombo
2014-09-14,63,28.69666666666667,24.08857142857143,1180.1,1180.1,19.555714285714284,Sri Lanka,Colombo
2014-09-21,63,28.983809523809526,24.472857142857144,777.8,777.8,21.12761904761905,Sri Lanka,Colombo
2014-09-28,65,29.087142857142858,23.886190476190478,1638.1,1638.1,14.351904761904763,Sri Lanka,Colombo
2014-10-05,65,28.781904761904762,23.594285714285714,2521.1,2521.1,11.28952380952381,Sri Lanka,Colombo
2014-10-12,63,28.585238095238093,24.221904761904764,1773.7,1773.7,18.042857142857144,Sri Lanka,Colombo
2014-10-19,65,28.251428571428573,23.683333333333334,5707.0,5707.0,13.227142857142857,Sri Lanka,Colombo
2014-10-26,65,28.805714285714284,23.297142857142855,2755.7,2755.7,10.123809523809523,Sri Lanka,Colombo
2014-11-02,63,28.07,23.174761904761905,2061.8,2061.8,12.011428571428572,Sri Lanka,Colombo
2014-11-09,65,28.335714285714285,22.821428571428573,1518.1,1518.1,12.704761904761904,Sri Lanka,Colombo
2014-11-16,65,28.775714285714283,23.22952380952381,1965.1,1965.1,10.382380952380954,Sri Lanka,Colombo
2014-11-23,65,27.860952380952384,23.336190476190477,3383.8,3383.8,12.225714285714286,Sri Lanka,Colombo
2014-11-30,65,26.709047619047617,22.91,2456.1,2456.1,16.11857142857143,Sri Lanka,Colombo
2014-12-07,63,28.194285714285716,22.997619047619047,843.2,843.2,12.02,Sri Lanka,Colombo
2014-12-14,65,28.55952380952381,23.066190476190474,1962.3999999999999,1962.3999999999999,9.393333333333333,Sri Lanka,Colombo
2014-12-21,65,27.499523809523808,23.236666666666665,4703.0,4703.0,12.851428571428572,Sri Lanka,Colombo
2014-12-28,65,24.85333333333333,22.614761904761906,7066.5,7066.5,17.253809523809526,Sri Lanka,Colombo
2015-01-04,65,28.10190476190476,22.552857142857146,335.0,335.0,12.568095238095239,Sri Lanka,Colombo
2015-01-11,63,28.515238095238093,21.88809523809524,241.79999999999998,241.79999999999998,13.115238095238094,Sri Lanka,Colombo
2015-01-18,53,28.716666666666665,22.317619047619047,89.7,89.7,12.408095238095237,Sri Lanka,Colombo
2015-01-25,63,29.74571428571429,22.268571428571427,175.1,175.1,12.703333333333333,Sri Lanka,Colombo
2015-02-01,65,29.551904761904762,23.17761904761905,470.90000000000003,470.90000000000003,13.621428571428572,Sri Lanka,Colombo
2015-02-08,63,29.41761904761905,23.31714285714286,456.5,456.5,15.646666666666668,Sri Lanka,Colombo
2015-02-15,65,29.580952380952382,22.681428571428572,1019.5,1019.5,12.040000000000001,Sri Lanka,Colombo
2015-02-22,53,30.060000000000002,21.247142857142855,26.299999999999997,26.299999999999997,12.43095238095238,Sri Lanka,Colombo
2015-03-01,65,29.49047619047619,23.487619047619045,962.9,962.9,11.071428571428571,Sri Lanka,Colombo
2015-03-08,63,30.492857142857144,23.300476190476193,217.29999999999998,217.29999999999998,10.784285714285714,Sri Lanka,Colombo
2015-03-15,63,30.114285714285714,23.34190476190476,1378.9,1378.9,11.165238095238095,Sri Lanka,Colombo
2015-03-22,55,30.560952380952383,23.15714285714286,94.2,94.2,10.457619047619048,Sri Lanka,Colombo
2015-03-29,65,31.51904761904762,23.85190476190476,1209.6,1209.6,12.420476190476192,Sri Lanka,Colombo
2015-04-05,65,30.534761904761904,24.184761904761906,1744.5,1744.5,11.445238095238095,Sri Lanka,Colombo
2015-04-12,65,30.201428571428572,24.212857142857143,1320.7,1320.7,10.661904761904761,Sri Lanka,Colombo
2015-04-19,65,29.96904761904762,24.01047619047619,1358.4,1358.4,10.04904761904762,Sri Lanka,Colombo
2015-04-26,65,29.51142857142857,24.15714285714286,2620.5,2620.5,11.303809523809525,Sri Lanka,Colombo
2015-05-03,63,30.06285714285714,24.465714285714288,936.8,936.8,11.36,Sri Lanka,Colombo
2015-05-10,65,29.64809523809524,24.413809523809523,2390.7,2390.7,12.237142857142858,Sri Lanka,Colombo
2015-05-17,65,28.985714285714284,24.79047619047619,1373.3,1373.3,15.443809523809524,Sri Lanka,Colombo
2015-05-24,63,29.355238095238096,25.28047619047619,1227.5,1227.5,21.35,Sri Lanka,Colombo
2015-05-31,63,29.909047619047616,25.356666666666666,1032.6,1032.6,19.176666666666666,Sri Lanka,Colombo
2015-06-07,65,29.39857142857143,24.714761904761907,1222.6,1222.6,16.957619047619048,Sri Lanka,Colombo
2015-06-14,63,29.645714285714288,24.81047619047619,617.2,617.2,18.055714285714284,Sri Lanka,Colombo
2015-06-21,63,29.15142857142857,25.065714285714286,1138.5,1138.5,19.993333333333336,Sri Lanka,Colombo
2015-06-28,65,29.467619047619046,24.958095238095236,1384.3,1384.3,19.697619047619046,Sri Lanka,Colombo
2015-07-05,63,29.12666666666667,24.90047619047619,1154.8,1154.8,19.13047619047619,Sri Lanka,Colombo
2015-07-12,63,29.32761904761905,25.00857142857143,1053.1,1053.1,22.583809523809524,Sri Lanka,Colombo
2015-07-19,63,28.97666666666667,24.91047619047619,1085.2,1085.2,23.218095238095238,Sri Lanka,Colombo
2015-07-26,63,28.696190476190477,24.34952380952381,1303.2,1303.2,18.92142857142857,Sri Lanka,Colombo
2015-08-02,61,29.256666666666664,24.42047619047619,342.9,342.9,18.584285714285713,Sri Lanka,Colombo
2015-08-09,63,29.184761904761906,24.564285714285713,960.8,960.8,20.777142857142856,Sri Lanka,Colombo
2015-08-16,65,29.517619047619046,24.90095238095238,864.6,864.6,18.961904761904762,Sri Lanka,Colombo
2015-08-23,65,29.49904761904762,24.42047619047619,1112.8,1112.8,15.473333333333334,Sri Lanka,Colombo
2015-08-30,63,28.629047619047622,24.504761904761907,1106.9,1106.9,19.627142857142857,Sri Lanka,Colombo
2015-09-06,65,29.327142857142857,24.335238095238093,1095.5,1095.5,16.559047619047618,Sri Lanka,Colombo
2015-09-13,65,28.80952380952381,24.21,1126.6,1126.6,16.31,Sri Lanka,Colombo
2015-09-20,63,28.870952380952378,24.715238095238096,1749.8,1749.8,21.644285714285715,Sri Lanka,Colombo
2015-09-27,65,28.860000000000003,24.291904761904764,2139.7,2139.7,15.7,Sri Lanka,Colombo
2015-10-04,65,28.3,23.89047619047619,2105.8,2105.8,15.411428571428571,Sri Lanka,Colombo
2015-10-11,63,29.063333333333333,24.04,978.1,978.1,15.484285714285713,Sri Lanka,Colombo
2015-10-18,65,29.310000000000002,23.84857142857143,6076.6,6076.6,10.61809523809524,Sri Lanka,Colombo
2015-10-25,65,28.38809523809524,24.031428571428574,5765.5,5765.5,10.858095238095236,Sri Lanka,Colombo
2015-11-01,65,27.496190476190474,23.52047619047619,3979.4,3979.4,13.879523809523809,Sri Lanka,Colombo
2015-11-08,65,28.419047619047618,23.447619047619046,3523.7,3523.7,9.913809523809524,Sri Lanka,Colombo
2015-11-15,65,27.201428571428572,23.652857142857144,3635.4,3635.4,14.423333333333334,Sri Lanka,Colombo
2015-11-22,65,28.67666666666667,23.54904761904762,1475.5,1475.5,11.61047619047619,Sri Lanka,Colombo
2015-11-29,65,28.847619047619048,23.51380952380952,1243.2,1243.2,11.55,Sri Lanka,Colombo
2015-12-06,65,28.027619047619048,23.603809523809524,2546.5,2546.5,11.709523809523809,Sri Lanka,Colombo
2015-12-13,65,28.54,23.855238095238096,3000.4,3000.4,9.68,Sri Lanka,Colombo
2015-12-20,65,28.47952380952381,23.18095238095238,1831.5,1831.5,10.035714285714286,Sri Lanka,Colombo
2015-12-27,65,29.128095238095238,22.944285714285716,267.3,267.3,13.66952380952381,Sri Lanka,Colombo
2016-01-03,65,29.04,23.80761904761905,618.1,618.1,16.24809523809524,Sri Lanka,Colombo
2016-01-10,63,29.246666666666666,23.81904761904762,326.5,326.5,14.002380952380953,Sri Lanka,Colombo
2016-01-17,55,29.472380952380952,22.48619047619048,24.4,24.4,13.660952380952383,Sri Lanka,Colombo
2016-01-24,63,30.554761904761904,23.49904761904762,231.9,231.9,11.156190476190478,Sri Lanka,Colombo
2016-01-31,63,30.606666666666666,22.725714285714282,152.5,152.5,13.32904761904762,Sri Lanka,Colombo
2016-02-07,51,30.764761904761908,23.10095238095238,5.5,5.5,13.914285714285715,Sri Lanka,Colombo
2016-02-14,63,31.409047619047616,24.15095238095238,102.4,102.4,11.54952380952381,Sri Lanka,Colombo
2016-02-21,63,30.58190476190476,24.035238095238093,777.3,777.3,13.677142857142856,Sri Lanka,Colombo
2016-02-28,65,31.40047619047619,23.87333333333333,259.8,259.8,12.725238095238096,Sri Lanka,Colombo
2016-03-06,61,32.19047619047619,24.514285714285716,236.9,236.9,14.01047619047619,Sri Lanka,Colombo
2016-03-13,63,31.83047619047619,24.885714285714286,194.0,194.0,11.873333333333333,Sri Lanka,Colombo
2016-03-20,53,32.47047619047619,24.81380952380952,97.2,97.2,12.576190476190476,Sri Lanka,Colombo
2016-03-27,63,33.13047619047619,25.05952380952381,116.5,116.5,14.07095238095238,Sri Lanka,Colombo
2016-04-03,65,31.767142857142858,25.05857142857143,716.0,716.0,10.717619047619047,Sri Lanka,Colombo
2016-04-10,63,32.16047619047619,25.46714285714286,608.6,608.6,11.561428571428571,Sri Lanka,Colombo
2016-04-17,63,32.12380952380953,26.02904761904762,401.0,401.0,12.966666666666667,Sri Lanka,Colombo
2016-04-24,65,31.824285714285715,25.84,776.2,776.2,13.512380952380951,Sri Lanka,Colombo
2016-05-01,65,32.03142857142857,25.797619047619047,1056.6,1056.6,11.922380952380951,Sri Lanka,Colombo
2016-05-08,63,30.978095238095236,25.293333333333337,1086.5,1086.5,11.094761904761905,Sri Lanka,Colombo
2016-05-15,65,28.88714285714286,24.75857142857143,10406.1,10406.1,12.31857142857143,Sri Lanka,Colombo
2016-05-22,65,28.93095238095238,25.345714285714287,4403.7,4403.7,22.205714285714286,Sri Lanka,Colombo
2016-05-29,63,29.275238095238095,25.26047619047619,1787.9,1787.9,19.693809523809524,Sri Lanka,Colombo
2016-06-05,63,29.124761904761904,25.191904761904762,1304.5,1304.5,19.560952380952383,Sri Lanka,Colombo
2016-06-12,63,29.21095238095238,24.928095238095235,1709.4,1709.4,20.583333333333332,Sri Lanka,Colombo
2016-06-19,63,28.916666666666668,25.22047619047619,948.2,948.2,22.397142857142857,Sri Lanka,Colombo
2016-06-26,63,28.87142857142857,25.06047619047619,944.3,944.3,22.48190476190476,Sri Lanka,Colombo
2016-07-03,63,29.38857142857143,24.958095238095236,539.7,539.7,20.028095238095236,Sri Lanka,Colombo
2016-07-10,63,29.517619047619046,25.02904761904762,618.2,618.2,21.482380952380954,Sri Lanka,Colombo
2016-07-17,65,28.85238095238095,24.575238095238095,844.7,844.7,19.63190476190476,Sri Lanka,Colombo
2016-07-24,63,28.665238095238095,24.455714285714286,666.1,666.1,20.508095238095237,Sri Lanka,Colombo
2016-07-31,65,28.27095238095238,24.08238095238095,1797.8,1797.8,17.725238095238097,Sri Lanka,Colombo
2016-08-07,61,29.371904761904762,24.82238095238095,236.7,236.7,21.533809523809527,Sri Lanka,Colombo
2016-08-14,63,29.19904761904762,24.84190476190476,521.0,521.0,20.703809523809525,Sri Lanka,Colombo
2016-08-21,63,29.062380952380956,24.739047619047618,504.6,504.6,22.484285714285715,Sri Lanka,Colombo
2016-08-28,63,28.565238095238094,24.46,1139.3,1139.3,20.64857142857143,Sri Lanka,Colombo
2016-09-04,63,28.34904761904762,24.104761904761904,1168.8,1168.8,20.10904761904762,Sri Lanka,Colombo
2016-09-11,61,28.922857142857143,24.143333333333334,260.1,260.1,20.597619047619048,Sri Lanka,Colombo
2016-09-18,63,29.022380952380953,24.49,874.2,874.2,20.73047619047619,Sri Lanka,Colombo
2016-09-25,63,29.21047619047619,24.717619047619046,475.7,475.7,22.062380952380956,Sri Lanka,Colombo
2016-10-02,61,29.287619047619046,24.439047619047617,539.8,539.8,20.58238095238095,Sri Lanka,Colombo
2016-10-09,55,29.637619047619047,24.30428571428571,218.7,218.7,19.47142857142857,Sri Lanka,Colombo
2016-10-16,65,29.994285714285716,24.18952380952381,707.5,707.5,17.557142857142857,Sri Lanka,Colombo
2016-10-23,65,29.297142857142855,24.05,940.8,940.8,16.571428571428573,Sri Lanka,Colombo
2016-10-30,63,28.973333333333333,23.732857142857142,1172.2,1172.2,15.540000000000001,Sri Lanka,Colombo
2016-11-06,65,28.14238095238095,23.624285714285715,2534.6,2534.6,13.045714285714284,Sri Lanka,Colombo
2016-11-13,65,29.09,23.188095238095237,1232.4,1232.4,9.688095238095238,Sri Lanka,Colombo
2016-11-20,65,28.34857142857143,23.41047619047619,3935.3,3935.3,10.53190476190476,Sri Lanka,Colombo
2016-11-27,65,28.737619047619045,23.63190476190476,1332.0,1332.0,12.893333333333333,Sri Lanka,Colombo
2016-12-04,63,27.862380952380953,22.02,302.8,302.8,12.99095238095238,Sri Lanka,Colombo
2016-12-11,65,28.928571428571427,22.909523809523808,433.5,433.5,14.779523809523809,Sri Lanka,Colombo
2016-12-18,63,28.90809523809524,22.634761904761906,244.1,244.1,13.789047619047619,Sri Lanka,Colombo
2016-12-25,63,28.613809523809522,21.68095238095238,344.9,344.9,12.015714285714287,Sri Lanka,Colombo
2017-01-01,65,29.228095238095236,22.93952380952381,828.3,828.3,14.692857142857143,Sri Lanka,Colombo
2017-01-08,63,29.209047619047617,21.281428571428574,176.6,176.6,15.023809523809524,Sri Lanka,Colombo
2017-01-15,53,29.722857142857144,20.837142857142858,15.4,15.4,12.877142857142855,Sri Lanka,Colombo
2017-01-22,63,29.57095238095238,22.483333333333334,342.59999999999997,342.59999999999997,15.963809523809525,Sri Lanka,Colombo
2017-01-29,65,28.032380952380954,23.12333333333333,2514.8,2514.8,13.073333333333334,Sri Lanka,Colombo
2017-02-05,65,28.74,21.63095238095238,879.3,879.3,12.893333333333333,Sri Lanka,Colombo
2017-02-12,53,29.346190476190475,21.944285714285716,37.9,37.9,11.948571428571428,Sri Lanka,Colombo
2017-02-19,65,30.30428571428571,23.360952380952384,675.5,675.5,16.517619047619046,Sri Lanka,Colombo
2017-02-26,65,29.322857142857142,22.56380952380952,514.3,514.3,10.55904761904762,Sri Lanka,Colombo
2017-03-05,65,29.216190476190473,23.47,1193.0,1193.0,13.78190476190476,Sri Lanka,Colombo
2017-03-12,63,29.718095238095238,24.005714285714284,873.9,873.9,11.903809523809525,Sri Lanka,Colombo
2017-03-19,65,29.89857142857143,23.491904761904763,1088.6,1088.6,10.41047619047619,Sri Lanka,Colombo
2017-03-26,55,30.43952380952381,23.18,79.2,79.2,11.624761904761904,Sri Lanka,Colombo
2017-04-02,65,30.104761904761904,24.081428571428575,1125.9,1125.9,10.400952380952381,Sri Lanka,Colombo
2017-04-09,65,30.685714285714287,24.490952380952383,618.8,618.8,13.268571428571429,Sri Lanka,Colombo
2017-04-16,65,30.464761904761907,24.80857142857143,1466.1,1466.1,14.362380952380953,Sri Lanka,Colombo
2017-04-23,61,30.889999999999997,25.49,207.0,207.0,16.379523809523807,Sri Lanka,Colombo
2017-04-30,63,31.072857142857142,25.063333333333333,325.1,325.1,14.89,Sri Lanka,Colombo
2017-05-07,65,30.797142857142855,24.777619047619048,557.9,557.9,11.336190476190476,Sri Lanka,Colombo
2017-05-14,65,30.51142857142857,25.034285714285712,821.5,821.5,14.105238095238095,Sri Lanka,Colombo
2017-05-21,63,30.024285714285718,25.66095238095238,1123.2,1123.2,20.581428571428575,Sri Lanka,Colombo
2017-05-28,63,29.249523809523808,25.290952380952383,1612.6,1612.6,20.747142857142855,Sri Lanka,Colombo
2017-06-04,65,28.823809523809523,24.982380952380954,2885.9,2885.9,21.682380952380953,Sri Lanka,Colombo
2017-06-11,63,29.30333333333333,25.021904761904764,935.5,935.5,21.495238095238093,Sri Lanka,Colombo
2017-06-18,63,29.24,24.873809523809523,718.1,718.1,17.701904761904764,Sri Lanka,Colombo
2017-06-25,63,28.75857142857143,24.741904761904763,1539.9,1539.9,19.733333333333334,Sri Lanka,Colombo
2017-07-02,63,29.29809523809524,24.946190476190477,890.6,890.6,20.171904761904763,Sri Lanka,Colombo
2017-07-09,63,29.389523809523812,25.008095238095237,808.8,808.8,19.92238095238095,Sri Lanka,Colombo
2017-07-16,63,29.41047619047619,24.968571428571426,378.4,378.4,19.793333333333337,Sri Lanka,Colombo
2017-07-23,61,29.697619047619046,24.916666666666668,553.6,553.6,19.786666666666665,Sri Lanka,Colombo
2017-07-30,63,29.91047619047619,25.275714285714283,931.0,931.0,20.0,Sri Lanka,Colombo
2017-08-06,65,29.048571428571428,24.91809523809524,1284.1,1284.1,21.23952380952381,Sri Lanka,Colombo
2017-08-13,63,29.037619047619046,24.610952380952384,976.9,976.9,18.439047619047617,Sri Lanka,Colombo
2017-08-20,63,28.80428571428571,24.336190476190477,1232.1,1232.1,18.843809523809522,Sri Lanka,Colombo
2017-08-27,63,29.139047619047616,24.65,996.3,996.3,19.78285714285714,Sri Lanka,Colombo
2017-09-03,65,29.192857142857143,24.363333333333333,2076.3,2076.3,16.476666666666667,Sri Lanka,Colombo
2017-09-10,63,28.10761904761905,24.037619047619046,2224.3,2224.3,16.566666666666666,Sri Lanka,Colombo
2017-09-17,65,28.68619047619048,24.376190476190477,1306.3,1306.3,18.648095238095237,Sri Lanka,Colombo
2017-09-24,61,29.153333333333332,24.31047619047619,460.4,460.4,18.707142857142856,Sri Lanka,Colombo
2017-10-01,63,28.694285714285716,24.244285714285716,866.8,866.8,18.906666666666666,Sri Lanka,Colombo
2017-10-08,63,29.12238095238095,24.331428571428575,1416.9,1416.9,16.925238095238097,Sri Lanka,Colombo
2017-10-15,65,28.306666666666665,24.236666666666665,2074.0,2074.0,17.23095238095238,Sri Lanka,Colombo
2017-10-22,63,28.81142857142857,24.37142857142857,873.0,873.0,18.711904761904762,Sri Lanka,Colombo
2017-10-29,65,29.10857142857143,23.889999999999997,1267.0,1267.0,11.502380952380953,Sri Lanka,Colombo
2017-11-05,65,27.95,23.59,5351.8,5351.8,12.203333333333333,Sri Lanka,Colombo
2017-11-12,65,28.156190476190478,23.626190476190477,2930.2,2930.2,14.196190476190475,Sri Lanka,Colombo
2017-11-19,63,29.02857142857143,23.445238095238096,363.1,363.1,12.21809523809524,Sri Lanka,Colombo
2017-11-26,65,28.074761904761903,23.08238095238095,2063.9,2063.9,11.90952380952381,Sri Lanka,Colombo
2017-12-03,65,26.895714285714288,23.402857142857144,4976.2,4976.2,17.371904761904762,Sri Lanka,Colombo
2017-12-10,63,28.639999999999997,22.375238095238096,387.1,387.1,11.494761904761905,Sri Lanka,Colombo
2017-12-17,63,28.889523809523812,23.127142857142857,791.9,791.9,12.048571428571428,Sri Lanka,Colombo
2017-12-24,63,28.41761904761905,22.77333333333333,511.0,511.0,14.287619047619048,Sri Lanka,Colombo
2017-12-31,63,28.83285714285714,22.723809523809525,254.4,254.4,14.69904761904762,Sri Lanka,Colombo
2018-01-07,63,28.985714285714284,21.509047619047617,71.4,71.4,13.221904761904762,Sri Lanka,Colombo
2018-01-14,65,29.164761904761907,22.214761904761907,436.0,436.0,11.497142857142858,Sri Lanka,Colombo
2018-01-21,53,29.533333333333335,21.550476190476193,9.5,9.5,15.280476190476191,Sri Lanka,Colombo
2018-01-28,53,29.723809523809525,22.28,24.6,24.6,14.362380952380953,Sri Lanka,Colombo
2018-02-04,65,29.23047619047619,22.983333333333334,738.2,738.2,14.937142857142858,Sri Lanka,Colombo
2018-02-11,63,29.78047619047619,22.880476190476188,488.8,488.8,11.053333333333333,Sri Lanka,Colombo
2018-02-18,53,30.678571428571427,22.909047619047616,86.0,86.0,13.75952380952381,Sri Lanka,Colombo
2018-02-25,63,31.021904761904764,22.590476190476192,247.4,247.4,13.942857142857143,Sri Lanka,Colombo
2018-03-04,65,30.26904761904762,23.58190476190476,1580.4,1580.4,12.241428571428571,Sri Lanka,Colombo
2018-03-11,65,29.79047619047619,23.694761904761904,925.0,925.0,11.589047619047617,Sri Lanka,Colombo
2018-03-18,63,29.68047619047619,23.825238095238095,1001.2,1001.2,11.013809523809524,Sri Lanka,Colombo
2018-03-25,61,30.73952380952381,23.867619047619048,172.9,172.9,12.803809523809525,Sri Lanka,Colombo
2018-04-01,65,30.47047619047619,24.25952380952381,918.2,918.2,11.974761904761904,Sri Lanka,Colombo
2018-04-08,63,30.58238095238095,24.015714285714285,750.1,750.1,11.134285714285713,Sri Lanka,Colombo
2018-04-15,65,30.243809523809524,24.17142857142857,2844.2,2844.2,10.725714285714286,Sri Lanka,Colombo
2018-04-22,65,30.43619047619048,24.163809523809523,834.3,834.3,10.35952380952381,Sri Lanka,Colombo
2018-04-29,63,30.317619047619047,24.50952380952381,1164.3,1164.3,11.285238095238096,Sri Lanka,Colombo
2018-05-06,65,30.178571428571427,24.823809523809523,952.8,952.8,13.082857142857144,Sri Lanka,Colombo
2018-05-13,65,29.463333333333335,24.314285714285713,2564.8,2564.8,13.708095238095238,Sri Lanka,Colombo
2018-05-20,65,28.704761904761906,24.346666666666668,2805.0,2805.0,13.917142857142856,Sri Lanka,Colombo
2018-05-27,65,27.958571428571428,24.45190476190476,2917.7,2917.7,18.21761904761905,Sri Lanka,Colombo
2018-06-03,63,29.15095238095238,25.136666666666667,1608.2,1608.2,22.810952380952383,Sri Lanka,Colombo
2018-06-10,65,28.573809523809523,24.78952380952381,2927.0,2927.0,22.954285714285714,Sri Lanka,Colombo
2018-06-17,63,28.604761904761904,24.694285714285716,1083.9,1083.9,21.428095238095235,Sri Lanka,Colombo
2018-06-24,61,28.527619047619048,24.320476190476192,923.1,923.1,20.715238095238096,Sri Lanka,Colombo
2018-07-01,63,28.61857142857143,24.290952380952383,1391.8,1391.8,18.67904761904762,Sri Lanka,Colombo
2018-07-08,63,28.873809523809523,24.517142857142858,783.8,783.8,19.683333333333334,Sri Lanka,Colombo
2018-07-15,63,28.25095238095238,24.197619047619046,1670.4,1670.4,22.782380952380954,Sri Lanka,Colombo
2018-07-22,63,28.794761904761902,24.387619047619047,398.09999999999997,398.09999999999997,23.00428571428571,Sri Lanka,Colombo
2018-07-29,63,28.775238095238095,24.49809523809524,286.7,286.7,20.939999999999998,Sri Lanka,Colombo
2018-08-05,63,28.58047619047619,24.28904761904762,891.6999999999999,891.6999999999999,20.26809523809524,Sri Lanka,Colombo
2018-08-12,63,28.18857142857143,24.14904761904762,837.2,837.2,22.175238095238097,Sri Lanka,Colombo
2018-08-19,63,27.84,24.120476190476193,1602.3,1602.3,23.574285714285715,Sri Lanka,Colombo
2018-08-26,63,28.673809523809524,23.79952380952381,200.7,200.7,19.257142857142856,Sri Lanka,Colombo
2018-09-02,63,28.83904761904762,23.916190476190476,260.5,260.5,19.555238095238096,Sri Lanka,Colombo
2018-09-09,55,29.439999999999998,23.860952380952384,78.60000000000001,78.60000000000001,19.046666666666667,Sri Lanka,Colombo
2018-09-16,65,30.18285714285714,24.21714285714286,124.5,124.5,16.833333333333332,Sri Lanka,Colombo
2018-09-23,63,28.97,24.330000000000002,1130.1,1130.1,19.324285714285715,Sri Lanka,Colombo
2018-09-30,65,28.82333333333333,23.728095238095236,4089.8,4089.8,11.880952380952381,Sri Lanka,Colombo
2018-10-07,65,28.707619047619048,23.83047619047619,2784.6,2784.6,10.280000000000001,Sri Lanka,Colombo
2018-10-14,65,27.94571428571429,23.663333333333334,2113.0,2113.0,14.90952380952381,Sri Lanka,Colombo
2018-10-21,65,28.65095238095238,23.204761904761906,1506.0,1506.0,10.349047619047619,Sri Lanka,Colombo
2018-10-28,65,28.394761904761904,23.43952380952381,3627.6,3627.6,12.038571428571428,Sri Lanka,Colombo
2018-11-04,65,28.433333333333334,23.63142857142857,1815.2,1815.2,12.80904761904762,Sri Lanka,Colombo
2018-11-11,65,27.550476190476193,23.139047619047616,3793.0,3793.0,13.702380952380953,Sri Lanka,Colombo
2018-11-18,65,28.67904761904762,22.68714285714286,1130.6,1130.6,12.471904761904762,Sri Lanka,Colombo
2018-11-25,65,28.292857142857144,23.224761904761905,1947.1,1947.1,10.00047619047619,Sri Lanka,Colombo
2018-12-02,65,28.790952380952383,23.22142857142857,929.8,929.8,12.154761904761905,Sri Lanka,Colombo
2018-12-09,65,28.73857142857143,23.487142857142857,1244.4,1244.4,12.676190476190476,Sri Lanka,Colombo
2018-12-16,55,28.32,22.071428571428573,72.5,72.5,16.176666666666666,Sri Lanka,Colombo
2018-12-23,63,28.452857142857145,22.46047619047619,701.8000000000001,701.8000000000001,11.375238095238096,Sri Lanka,Colombo
2018-12-30,65,28.747142857142855,22.610000000000003,527.7,527.7,10.992857142857142,Sri Lanka,Colombo
2019-01-06,53,28.72952380952381,22.175238095238097,42.2,42.2,16.305238095238096,Sri Lanka,Colombo
2019-01-13,65,29.65714285714286,22.947619047619046,433.4,433.4,14.646190476190476,Sri Lanka,Colombo
2019-01-20,63,29.216190476190473,22.324761904761903,183.9,183.9,16.32857142857143,Sri Lanka,Colombo
2019-01-27,53,30.15095238095238,22.791904761904764,94.1,94.1,11.858095238095236,Sri Lanka,Colombo
2019-02-03,63,30.78,23.268571428571427,194.6,194.6,14.694761904761906,Sri Lanka,Colombo
2019-02-10,65,29.114285714285714,23.432380952380953,2222.8,2222.8,11.64,Sri Lanka,Colombo
2019-02-17,65,29.86809523809524,23.727619047619047,690.0,690.0,14.902857142857142,Sri Lanka,Colombo
2019-02-24,63,30.389999999999997,23.237619047619045,86.3,86.3,13.182380952380953,Sri Lanka,Colombo
2019-03-03,65,30.56904761904762,23.78095238095238,886.4,886.4,12.09047619047619,Sri Lanka,Colombo
2019-03-10,63,30.77333333333333,24.050476190476193,269.7,269.7,12.055714285714284,Sri Lanka,Colombo
2019-03-17,63,31.477619047619047,23.836190476190477,381.9,381.9,12.087142857142858,Sri Lanka,Colombo
2019-03-24,65,31.543333333333337,23.800476190476193,599.8,599.8,11.09095238095238,Sri Lanka,Colombo
2019-03-31,53,32.497142857142855,23.86857142857143,34.1,34.1,13.916666666666666,Sri Lanka,Colombo
2019-04-07,53,32.70142857142857,24.83238095238095,38.5,38.5,13.42095238095238,Sri Lanka,Colombo
2019-04-14,63,32.24619047619048,25.413333333333334,424.1,424.1,11.955714285714285,Sri Lanka,Colombo
2019-04-21,65,30.919999999999998,24.880476190476188,2257.3,2257.3,11.834285714285713,Sri Lanka,Colombo
2019-04-28,65,30.503809523809526,25.317619047619047,711.3,711.3,10.455714285714285,Sri Lanka,Colombo
2019-05-05,63,29.727619047619047,25.44571428571429,1079.7,1079.7,18.656666666666666,Sri Lanka,Colombo
2019-05-12,61,30.572857142857142,25.44666666666667,232.1,232.1,17.939047619047617,Sri Lanka,Colombo
2019-05-19,63,30.482857142857142,25.340476190476192,486.6,486.6,16.835238095238097,Sri Lanka,Colombo
2019-05-26,65,30.14190476190476,25.190952380952382,722.9,722.9,17.09904761904762,Sri Lanka,Colombo
2019-06-02,63,30.51809523809524,25.53904761904762,567.9,567.9,18.543333333333333,Sri Lanka,Colombo
2019-06-09,63,29.941904761904762,25.13142857142857,1755.5,1755.5,20.59142857142857,Sri Lanka,Colombo
2019-06-16,63,29.95095238095238,25.666666666666668,1085.6,1085.6,19.66142857142857,Sri Lanka,Colombo
2019-06-23,63,30.068571428571428,25.58190476190476,1217.0,1217.0,21.987142857142857,Sri Lanka,Colombo
2019-06-30,55,30.14666666666667,25.71714285714286,459.0,459.0,21.454761904761906,Sri Lanka,Colombo
2019-07-07,55,30.252857142857145,25.564761904761905,346.0,346.0,20.82333333333333,Sri Lanka,Colombo
2019-07-14,63,30.03952380952381,24.590952380952384,700.2,700.2,16.75095238095238,Sri Lanka,Colombo
2019-07-21,63,29.302857142857146,24.878095238095238,1853.8,1853.8,23.64047619047619,Sri Lanka,Colombo
2019-07-28,63,29.281904761904762,24.53095238095238,412.5,412.5,18.90095238095238,Sri Lanka,Colombo
2019-08-04,61,29.634761904761906,24.731428571428573,378.9,378.9,18.072857142857142,Sri Lanka,Colombo
2019-08-11,65,28.855238095238096,24.615714285714287,1833.6,1833.6,21.343333333333334,Sri Lanka,Colombo
2019-08-18,65,28.733809523809526,24.458095238095236,2471.8,2471.8,19.687619047619044,Sri Lanka,Colombo
2019-08-25,63,28.212380952380954,24.06142857142857,1943.2,1943.2,19.047619047619047,Sri Lanka,Colombo
2019-09-01,63,28.43857142857143,24.14904761904762,1199.2,1199.2,19.59,Sri Lanka,Colombo
2019-09-08,53,29.268571428571427,24.57333333333333,444.1,444.1,18.575714285714287,Sri Lanka,Colombo
2019-09-15,63,28.92095238095238,24.287142857142857,1374.2,1374.2,16.85142857142857,Sri Lanka,Colombo
2019-09-22,65,28.415714285714287,24.119523809523812,1807.5,1807.5,17.342380952380953,Sri Lanka,Colombo
2019-09-29,65,28.195238095238096,23.366666666666667,2480.7,2480.7,11.76952380952381,Sri Lanka,Colombo
2019-10-06,65,28.814761904761905,23.124761904761904,2660.3,2660.3,11.248571428571427,Sri Lanka,Colombo
2019-10-13,65,28.613809523809522,23.32857142857143,2668.6,2668.6,11.094761904761905,Sri Lanka,Colombo
2019-10-20,65,28.721904761904764,23.583809523809524,5869.0,5869.0,11.277142857142856,Sri Lanka,Colombo
2019-10-27,65,27.43857142857143,23.42095238095238,2316.4,2316.4,12.076190476190476,Sri Lanka,Colombo
2019-11-03,65,27.773809523809526,22.91190476190476,2665.4,2665.4,12.573333333333334,Sri Lanka,Colombo
2019-11-10,65,28.80761904761905,23.490952380952383,1077.7,1077.7,12.183333333333334,Sri Lanka,Colombo
2019-11-17,65,29.218095238095238,23.47666666666667,1402.2,1402.2,9.517619047619048,Sri Lanka,Colombo
2019-11-24,65,28.956666666666663,23.37333333333333,1832.1,1832.1,10.284761904761906,Sri Lanka,Colombo
2019-12-01,65,28.323809523809523,23.691904761904762,3075.6,3075.6,12.484285714285713,Sri Lanka,Colombo
2019-12-08,65,28.134761904761906,23.60857142857143,2824.9,2824.9,13.365714285714287,Sri Lanka,Colombo
2019-12-15,63,28.716190476190473,23.234285714285715,774.1,774.1,12.40904761904762,Sri Lanka,Colombo
2019-12-22,65,28.36809523809524,23.445238095238096,3295.1,3295.1,13.514761904761905,Sri Lanka,Colombo
2019-12-29,65,29.050476190476193,23.085238095238093,572.9,572.9,12.280952380952382,Sri Lanka,Colombo
2020-01-05,61,29.42142857142857,23.366190476190475,224.7,224.7,10.492380952380953,Sri Lanka,Colombo
2020-01-12,53,29.683809523809526,22.903333333333332,55.0,55.0,15.611428571428572,Sri Lanka,Colombo
2020-01-19,53,29.743333333333336,22.443333333333335,66.4,66.4,13.16,Sri Lanka,Colombo
2020-01-26,63,30.85238095238095,24.202380952380953,109.4,109.4,16.461428571428574,Sri Lanka,Colombo
2020-02-02,51,30.904761904761905,22.34238095238095,29.8,29.8,13.552380952380952,Sri Lanka,Colombo
2020-02-09,53,31.49047619047619,23.35142857142857,32.2,32.2,13.351428571428572,Sri Lanka,Colombo
2020-02-16,63,31.603809523809524,24.113333333333333,285.5,285.5,15.675714285714285,Sri Lanka,Colombo
2020-02-23,63,31.79047619047619,23.74904761904762,168.20000000000002,168.20000000000002,15.875238095238096,Sri Lanka,Colombo
2020-03-01,53,32.569047619047616,24.22,49.2,49.2,15.32904761904762,Sri Lanka,Colombo
2020-03-08,63,31.976190476190474,24.516666666666666,137.4,137.4,13.054285714285715,Sri Lanka,Colombo
2020-03-15,51,32.64047619047619,25.068571428571428,69.1,69.1,13.654761904761905,Sri Lanka,Colombo
2020-03-22,65,32.12285714285714,24.66095238095238,506.3,506.3,13.018571428571429,Sri Lanka,Colombo
2020-03-29,63,32.49857142857143,24.413333333333334,85.10000000000001,85.10000000000001,14.172857142857143,Sri Lanka,Colombo
2020-04-05,65,32.86238095238095,24.464761904761907,554.4,554.4,13.019047619047619,Sri Lanka,Colombo
2020-04-12,63,31.79,24.965238095238096,632.0,632.0,11.955714285714285,Sri Lanka,Colombo
2020-04-19,65,31.512857142857143,24.871904761904762,1243.7,1243.7,10.957619047619048,Sri Lanka,Colombo
2020-04-26,65,31.18857142857143,24.85857142857143,1247.0,1247.0,12.047142857142857,Sri Lanka,Colombo
2020-05-03,63,31.222380952380952,25.28,507.1,507.1,12.69904761904762,Sri Lanka,Colombo
2020-05-10,65,30.500476190476192,25.156666666666666,1734.8,1734.8,13.14142857142857,Sri Lanka,Colombo
2020-05-17,65,29.884285714285713,25.203333333333333,1859.8,1859.8,13.555714285714284,Sri Lanka,Colombo
2020-05-24,63,29.630000000000003,25.54380952380952,1801.7,1801.7,21.731428571428573,Sri Lanka,Colombo
2020-05-31,63,29.595238095238095,25.42142857142857,1030.4,1030.4,19.142380952380954,Sri Lanka,Colombo
2020-06-07,65,29.68619047619048,24.943809523809524,1455.6,1455.6,18.626666666666665,Sri Lanka,Colombo
2020-06-14,63,29.74809523809524,25.21095238095238,952.7,952.7,19.954285714285714,Sri Lanka,Colombo
2020-06-21,63,30.125714285714285,25.565714285714286,851.0,851.0,19.61285714285714,Sri Lanka,Colombo
2020-06-28,65,29.555714285714284,24.765714285714285,1010.4,1010.4,17.102857142857143,Sri Lanka,Colombo
2020-07-05,63,29.35952380952381,25.075238095238095,1018.6,1018.6,18.953809523809525,Sri Lanka,Colombo
2020-07-12,63,29.418571428571425,24.489047619047618,1369.9,1369.9,16.853809523809524,Sri Lanka,Colombo
2020-07-19,65,29.386190476190478,24.83047619047619,1137.3,1137.3,16.606666666666666,Sri Lanka,Colombo
2020-07-26,65,28.511904761904763,24.16761904761905,1368.9,1368.9,17.59857142857143,Sri Lanka,Colombo
2020-08-02,63,28.57904761904762,24.41761904761905,1879.2,1879.2,19.60952380952381,Sri Lanka,Colombo
2020-08-09,65,28.19238095238095,24.478095238095236,3116.0,3116.0,21.297142857142855,Sri Lanka,Colombo
2020-08-16,61,29.139999999999997,24.294761904761902,204.1,204.1,18.46238095238095,Sri Lanka,Colombo
2020-08-23,61,29.75761904761905,24.522857142857145,277.0,277.0,17.382380952380952,Sri Lanka,Colombo
2020-08-30,65,29.87142857142857,24.6,294.9,294.9,16.615238095238094,Sri Lanka,Colombo
2020-09-06,65,28.294761904761902,24.002380952380953,2948.0,2948.0,16.723333333333333,Sri Lanka,Colombo
2020-09-13,63,28.237619047619045,24.191904761904762,1293.9,1293.9,18.262857142857143,Sri Lanka,Colombo
2020-09-20,65,28.16761904761905,24.397142857142857,2041.6,2041.6,20.923809523809524,Sri Lanka,Colombo
2020-09-27,65,28.402857142857144,23.91714285714286,1523.5,1523.5,17.184761904761906,Sri Lanka,Colombo
2020-10-04,63,28.705714285714286,24.143809523809523,1002.5,1002.5,19.801428571428573,Sri Lanka,Colombo
2020-10-11,63,28.951428571428572,24.074285714285715,684.6,684.6,18.82,Sri Lanka,Colombo
2020-10-18,63,28.922857142857143,24.266190476190474,913.4,913.4,21.886666666666667,Sri Lanka,Colombo
2020-10-25,63,29.194285714285716,24.32238095238095,470.7,470.7,18.323333333333334,Sri Lanka,Colombo
2020-11-01,65,29.403809523809525,23.88714285714286,520.6,520.6,12.423333333333334,Sri Lanka,Colombo
2020-11-08,65,29.64142857142857,23.82238095238095,1591.9,1591.9,11.018095238095238,Sri Lanka,Colombo
2020-11-15,65,29.120476190476193,23.805714285714284,3595.9,3595.9,11.271428571428572,Sri Lanka,Colombo
2020-11-22,65,28.560952380952383,23.52,3190.2,3190.2,11.592380952380953,Sri Lanka,Colombo
2020-11-29,63,28.552380952380954,23.10857142857143,503.2,503.2,14.150952380952381,Sri Lanka,Colombo
2020-12-06,65,27.90714285714286,23.22095238095238,2437.5,2437.5,17.45619047619048,Sri Lanka,Colombo
2020-12-13,63,29.027142857142856,22.864285714285714,336.2,336.2,10.507619047619047,Sri Lanka,Colombo
2020-12-20,63,27.967619047619046,22.745238095238093,1089.1,1089.1,11.917619047619047,Sri Lanka,Colombo
2020-12-27,65,27.301904761904762,22.967619047619046,2282.1,2282.1,14.365238095238094,Sri Lanka,Colombo
2021-01-03,65,28.33047619047619,22.93,1613.8,1613.8,12.220952380952381,Sri Lanka,Colombo
2021-01-10,65,27.843333333333334,23.059047619047618,2671.5,2671.5,10.128571428571428,Sri Lanka,Colombo
2021-01-17,65,27.39190476190476,23.04904761904762,3795.5,3795.5,11.260952380952382,Sri Lanka,Colombo
2021-01-24,65,28.578095238095237,22.617619047619048,392.0,392.0,12.807619047619047,Sri Lanka,Colombo
2021-01-31,65,28.527619047619048,22.23619047619048,1085.2,1085.2,13.384285714285713,Sri Lanka,Colombo
2021-02-07,63,28.744285714285716,23.074285714285715,279.9,279.9,16.336190476190477,Sri Lanka,Colombo
2021-02-14,63,29.355714285714285,22.395714285714288,75.0,75.0,15.026666666666666,Sri Lanka,Colombo
2021-02-21,61,30.482857142857142,23.14047619047619,176.0,176.0,12.298095238095238,Sri Lanka,Colombo
2021-02-28,63,30.956666666666663,23.405714285714286,122.0,122.0,12.155714285714286,Sri Lanka,Colombo
2021-03-07,63,30.923809523809524,22.805238095238096,263.5,263.5,11.84952380952381,Sri Lanka,Colombo
2021-03-14,65,30.120952380952378,23.457142857142856,1732.3,1732.3,11.86047619047619,Sri Lanka,Colombo
2021-03-21,65,29.84,23.39142857142857,620.4,620.4,10.040476190476191,Sri Lanka,Colombo
2021-03-28,65,29.68,23.791428571428572,2711.5,2711.5,10.312857142857142,Sri Lanka,Colombo
2021-04-04,65,30.35,24.34904761904762,246.7,246.7,15.583333333333334,Sri Lanka,Colombo
2021-04-11,63,30.52095238095238,23.94142857142857,384.8,384.8,10.522380952380951,Sri Lanka,Colombo
2021-04-18,65,29.60761904761905,23.999523809523808,1941.8,1941.8,11.422380952380951,Sri Lanka,Colombo
2021-04-25,63,29.889999999999997,24.301428571428573,513.7,513.7,13.34142857142857,Sri Lanka,Colombo
2021-05-02,65,30.159523809523808,24.662857142857142,883.6,883.6,11.644285714285715,Sri Lanka,Colombo
2021-05-09,65,30.00095238095238,24.316190476190474,3052.0,3052.0,9.204761904761904,Sri Lanka,Colombo
2021-05-16,65,29.425714285714285,25.03952380952381,3013.8,3013.8,15.19904761904762,Sri Lanka,Colombo
2021-05-23,63,29.58952380952381,25.08904761904762,1097.5,1097.5,16.91809523809524,Sri Lanka,Colombo
2021-05-30,65,28.805714285714284,25.139999999999997,2241.1,2241.1,24.5,Sri Lanka,Colombo
2021-06-06,65,29.178571428571427,24.79047619047619,1529.3,1529.3,17.46952380952381,Sri Lanka,Colombo
2021-06-13,65,28.843809523809522,24.56809523809524,1732.9,1732.9,20.135238095238094,Sri Lanka,Colombo
2021-06-20,55,29.350476190476193,24.794761904761902,337.6,337.6,19.925714285714285,Sri Lanka,Colombo
2021-06-27,63,29.13809523809524,24.46142857142857,1008.9,1008.9,19.811904761904763,Sri Lanka,Colombo
2021-07-04,63,29.19047619047619,24.356190476190477,1560.3,1560.3,17.57,Sri Lanka,Colombo
2021-07-11,65,28.708571428571428,24.39809523809524,2062.9,2062.9,20.47666666666667,Sri Lanka,Colombo
2021-07-18,63,29.105714285714285,24.85857142857143,552.0,552.0,19.77904761904762,Sri Lanka,Colombo
2021-07-25,63,28.747142857142855,24.735714285714284,1331.4,1331.4,22.574761904761903,Sri Lanka,Colombo
2021-08-01,63,29.03857142857143,24.687619047619044,641.2,641.2,20.33857142857143,Sri Lanka,Colombo
2021-08-08,63,28.811904761904763,24.713333333333335,1121.2,1121.2,20.694285714285716,Sri Lanka,Colombo
2021-08-15,65,28.806190476190476,24.565238095238094,1048.1,1048.1,19.055714285714284,Sri Lanka,Colombo
2021-08-22,65,28.54,24.01809523809524,768.9,768.9,16.69333333333333,Sri Lanka,Colombo
2021-08-29,63,28.31952380952381,23.811904761904763,1784.3,1784.3,19.236190476190476,Sri Lanka,Colombo
2021-09-05,63,28.447619047619046,24.139047619047616,882.6,882.6,18.595238095238095,Sri Lanka,Colombo
2021-09-12,63,29.15142857142857,24.493809523809524,468.7,468.7,20.14666666666667,Sri Lanka,Colombo
2021-09-19,65,29.298571428571428,24.51904761904762,1029.4,1029.4,16.607619047619046,Sri Lanka,Colombo
2021-09-26,65,29.327142857142857,24.434285714285714,1590.1,1590.1,17.50761904761905,Sri Lanka,Colombo
2021-10-03,63,28.354285714285712,23.88285714285714,1650.3,1650.3,16.41190476190476,Sri Lanka,Colombo
2021-10-10,65,28.59809523809524,24.24238095238095,1813.2,1813.2,18.14666666666667,Sri Lanka,Colombo
2021-10-17,63,28.96142857142857,24.59238095238095,1018.5,1018.5,20.942857142857143,Sri Lanka,Colombo
2021-10-24,65,29.10952380952381,23.91809523809524,1567.1,1567.1,14.553333333333333,Sri Lanka,Colombo
2021-10-31,65,27.985714285714284,23.48952380952381,4376.6,4376.6,11.247142857142858,Sri Lanka,Colombo
2021-11-07,65,28.008095238095237,23.610476190476188,3413.6,3413.6,12.945714285714285,Sri Lanka,Colombo
2021-11-14,65,27.246666666666666,23.65095238095238,3903.5,3903.5,18.75095238095238,Sri Lanka,Colombo
2021-11-21,63,28.23047619047619,23.702380952380953,1680.4,1680.4,15.886190476190476,Sri Lanka,Colombo
2021-11-28,65,28.12857142857143,23.35238095238095,2854.4,2854.4,11.505238095238095,Sri Lanka,Colombo
2021-12-05,65,28.65047619047619,23.26952380952381,771.5,771.5,9.257619047619047,Sri Lanka,Colombo
2021-12-12,63,29.255714285714284,23.237619047619045,559.2,559.2,11.994285714285715,Sri Lanka,Colombo
2021-12-19,63,28.17095238095238,23.47904761904762,1318.9,1318.9,13.312380952380952,Sri Lanka,Colombo
2021-12-26,55,28.878095238095238,22.251428571428573,53.3,53.3,12.288095238095238,Sri Lanka,Colombo
2022-01-02,63,29.40857142857143,22.78,422.6,422.6,12.472380952380952,Sri Lanka,Colombo
2022-01-09,63,29.145238095238096,23.405238095238097,712.1999999999999,712.1999999999999,15.040000000000001,Sri Lanka,Colombo
2022-01-16,63,29.39142857142857,23.30857142857143,357.8,357.8,11.527619047619048,Sri Lanka,Colombo
2022-01-23,61,30.33238095238095,21.625714285714285,58.7,58.7,14.604761904761904,Sri Lanka,Colombo
2022-01-30,53,29.90809523809524,22.253809523809526,133.6,133.6,11.942380952380953,Sri Lanka,Colombo
2022-02-06,65,30.55857142857143,22.094285714285714,253.29999999999998,253.29999999999998,11.183333333333334,Sri Lanka,Colombo
2022-02-13,65,29.364285714285714,23.11190476190476,1776.2,1776.2,14.126190476190477,Sri Lanka,Colombo
2022-02-20,61,29.48857142857143,22.67047619047619,148.20000000000002,148.20000000000002,13.49,Sri Lanka,Colombo
2022-02-27,63,30.545238095238094,23.438095238095237,230.7,230.7,12.007142857142858,Sri Lanka,Colombo
2022-03-06,63,30.701428571428572,23.802857142857146,320.0,320.0,16.37761904761905,Sri Lanka,Colombo
2022-03-13,63,31.26380952380952,23.642857142857142,488.3,488.3,11.892857142857142,Sri Lanka,Colombo
2022-03-20,65,30.344761904761903,24.48952380952381,503.3,503.3,14.084285714285713,Sri Lanka,Colombo
2022-03-27,63,30.304761904761904,24.595714285714287,379.5,379.5,13.224761904761904,Sri Lanka,Colombo
2022-04-03,65,30.814285714285713,24.483333333333334,492.8,492.8,11.608095238095236,Sri Lanka,Colombo
2022-04-10,65,29.175238095238097,23.876190476190477,3076.4,3076.4,11.118571428571428,Sri Lanka,Colombo
2022-04-17,65,29.35761904761905,24.364285714285714,1761.2,1761.2,13.487619047619049,Sri Lanka,Colombo
2022-04-24,65,29.777619047619048,24.44571428571429,1392.1,1392.1,11.488571428571428,Sri Lanka,Colombo
2022-05-01,65,30.205714285714286,24.89904761904762,891.0,891.0,11.827142857142857,Sri Lanka,Colombo
2022-05-08,63,30.240952380952383,25.422857142857143,864.6,864.6,16.121904761904762,Sri Lanka,Colombo
2022-05-15,63,28.77904761904762,24.935714285714287,3861.6,3861.6,22.761904761904763,Sri Lanka,Colombo
2022-05-22,63,29.014285714285716,25.07904761904762,1668.8,1668.8,22.85809523809524,Sri Lanka,Colombo
2022-05-29,65,28.82,24.477142857142855,1815.1,1815.1,19.324285714285715,Sri Lanka,Colombo
2022-06-05,65,28.300476190476193,24.555238095238096,2294.9,2294.9,18.133809523809525,Sri Lanka,Colombo
2022-06-12,63,28.737142857142857,24.474761904761905,999.4,999.4,19.11857142857143,Sri Lanka,Colombo
2022-06-19,65,28.69047619047619,24.31809523809524,1249.6,1249.6,15.504285714285714,Sri Lanka,Colombo
2022-06-26,65,29.000476190476192,24.55333333333333,1310.6,1310.6,18.926190476190477,Sri Lanka,Colombo
2022-07-03,63,29.369523809523812,25.015714285714285,1070.3999999999999,1070.3999999999999,22.301428571428573,Sri Lanka,Colombo
2022-07-10,63,28.966666666666665,24.60904761904762,656.4,656.4,22.048571428571428,Sri Lanka,Colombo
2022-07-17,63,29.12142857142857,24.67238095238095,698.6,698.6,21.075714285714284,Sri Lanka,Colombo
2022-07-24,65,28.942857142857143,24.53095238095238,1005.3000000000001,1005.3000000000001,18.454285714285714,Sri Lanka,Colombo
2022-07-31,65,28.74571428571429,23.993333333333336,1416.5,1416.5,12.278095238095238,Sri Lanka,Colombo
2022-08-07,65,27.593809523809522,24.159047619047616,2079.5,2079.5,24.802857142857146,Sri Lanka,Colombo
2022-08-14,61,29.055238095238096,24.05428571428571,228.20000000000002,228.20000000000002,19.685714285714287,Sri Lanka,Colombo
2022-08-21,63,29.146190476190476,24.293333333333337,547.7,547.7,18.273333333333333,Sri Lanka,Colombo
2022-08-28,63,28.19571428571429,24.062380952380956,1636.1,1636.1,20.583809523809524,Sri Lanka,Colombo
2022-09-04,65,27.628095238095238,23.57238095238095,2839.4,2839.4,16.436190476190475,Sri Lanka,Colombo
2022-09-11,63,28.15142857142857,24.036666666666665,1093.5,1093.5,20.766190476190474,Sri Lanka,Colombo
2022-09-18,53,28.777142857142856,23.957142857142856,372.1,372.1,17.420952380952382,Sri Lanka,Colombo
2022-09-25,55,29.448571428571427,24.222857142857144,307.0,307.0,17.480476190476192,Sri Lanka,Colombo
2022-10-02,63,28.879047619047622,24.35952380952381,1232.6,1232.6,21.237142857142857,Sri Lanka,Colombo
2022-10-09,63,28.70047619047619,23.998571428571427,1004.5,1004.5,18.405714285714286,Sri Lanka,Colombo
2022-10-16,65,27.74238095238095,23.438095238095237,2250.8,2250.8,14.247142857142858,Sri Lanka,Colombo
2022-10-23,65,27.42761904761905,23.622857142857143,3264.7,3264.7,16.548571428571428,Sri Lanka,Colombo
2022-10-30,65,28.82952380952381,23.09904761904762,1358.3,1358.3,12.616190476190477,Sri Lanka,Colombo
2022-11-06,65,27.409047619047616,23.22095238095238,3466.0,3466.0,12.452857142857143,Sri Lanka,Colombo
2022-11-13,65,27.926190476190477,23.035238095238093,2632.8,2632.8,11.14142857142857,Sri Lanka,Colombo
2022-11-20,65,28.36142857142857,22.538095238095238,929.7,929.7,14.668571428571429,Sri Lanka,Colombo
2022-11-27,63,28.703809523809525,22.912380952380953,272.8,272.8,11.814761904761903,Sri Lanka,Colombo
2022-12-04,65,28.830952380952382,22.943333333333335,2082.7,2082.7,10.187142857142858,Sri Lanka,Colombo
2022-12-11,63,27.356666666666666,22.34285714285714,878.9,878.9,16.98952380952381,Sri Lanka,Colombo
2022-12-18,65,28.199523809523807,22.271904761904764,460.7,460.7,12.61809523809524,Sri Lanka,Colombo
2022-12-25,65,27.165238095238095,23.01047619047619,2942.4,2942.4,16.22904761904762,Sri Lanka,Colombo
2023-01-01,65,28.472857142857144,21.86809523809524,260.2,260.2,12.226666666666667,Sri Lanka,Colombo
2023-01-08,65,28.43714285714286,22.331428571428575,845.6,845.6,14.465714285714286,Sri Lanka,Colombo
2023-01-15,63,28.33238095238095,21.190952380952382,126.5,126.5,13.231904761904762,Sri Lanka,Colombo
2023-01-22,65,27.867619047619048,22.198571428571427,1224.1000000000001,1224.1000000000001,15.267619047619046,Sri Lanka,Colombo
2023-01-29,63,28.207619047619048,22.074285714285715,556.8,556.8,12.44142857142857,Sri Lanka,Colombo
2023-02-05,65,27.994285714285716,22.800476190476193,2083.8,2083.8,15.262857142857142,Sri Lanka,Colombo
2023-02-12,63,28.959047619047617,22.40809523809524,213.4,213.4,11.974761904761904,Sri Lanka,Colombo
2023-02-19,63,29.52857142857143,21.948095238095238,412.0,412.0,12.643333333333333,Sri Lanka,Colombo
2023-02-26,65,29.61285714285714,22.746190476190474,485.0,485.0,11.783333333333333,Sri Lanka,Colombo
2023-03-05,63,29.90761904761905,23.130000000000003,962.7,962.7,14.635238095238096,Sri Lanka,Colombo
2023-03-12,63,30.070476190476192,23.558095238095238,690.9,690.9,12.57095238095238,Sri Lanka,Colombo
2023-03-19,63,29.957619047619048,23.63142857142857,1041.4,1041.4,10.69047619047619,Sri Lanka,Colombo
2023-03-26,65,30.047142857142855,23.721904761904764,744.1,744.1,10.207142857142857,Sri Lanka,Colombo
2023-04-02,63,30.69238095238095,23.97142857142857,421.5,421.5,10.581428571428571,Sri Lanka,Colombo
2023-04-09,63,30.3,23.81714285714286,703.5,703.5,10.512857142857142,Sri Lanka,Colombo
2023-04-16,61,31.564761904761905,24.246190476190474,197.9,197.9,10.953333333333333,Sri Lanka,Colombo
2023-04-23,65,31.494285714285716,25.10952380952381,605.4,605.4,11.646190476190476,Sri Lanka,Colombo
2023-04-30,65,30.15142857142857,24.425238095238097,3431.5,3431.5,10.448095238095238,Sri Lanka,Colombo
2023-05-07,65,29.071904761904765,24.615714285714287,2876.2,2876.2,13.705238095238094,Sri Lanka,Colombo
2023-05-14,65,29.34857142857143,25.43857142857143,1608.9,1608.9,19.254285714285714,Sri Lanka,Colombo
2023-05-21,61,30.126190476190477,25.364285714285714,475.8,475.8,16.114285714285714,Sri Lanka,Colombo
2023-05-28,63,30.32095238095238,25.255714285714284,328.0,328.0,16.45,Sri Lanka,Colombo
2023-06-04,63,30.045238095238094,25.17666666666667,873.6,873.6,16.617619047619048,Sri Lanka,Colombo
2023-06-11,63,29.735714285714284,25.328095238095237,1397.3,1397.3,20.177142857142858,Sri Lanka,Colombo
2023-06-18,63,29.81611111111111,25.556111111111115,1128.7,1128.7,19.309444444444445,Sri Lanka,Colombo
